airfoil,reynolds,max_CL,stall_angle,min_CD,max_CL_CD,best_alpha,CL_at_0,n_points,max_camber,max_camber_loc,max_thickness,max_thickness_loc,le_thickness,te_thickness,camber_at_25,camber_area
clarky,150000,1.3769,13.0,0.01251,64.64335664335664,5.0,0.4345,21,0.03432,0.416,0.11705,0.277,0.09232,0.02777,0.03015,0.02285
e168,150000,1.0511,12.0,0.01179,46.89262147570486,7.0,0.0,21,0.0,0.01,0.12442,0.267,0.09764,0.01775,0.0,0.0
e186,150000,0.9761,10.0,0.01296,52.43886743886743,7.0,0.1259,20,0.01312,0.267,0.10263,0.307,0.0743,0.01694,0.01285,0.00702
e193,150000,1.2613,12.0,0.01123,71.10472541507023,7.0,0.4185,21,0.03572,0.406,0.10217,0.317,0.07474,0.01889,0.03057,0.02302
e195,150000,1.2177,13.0,0.01246,69.84966927239928,8.0,0.4142,21,0.03189,0.436,0.11807,0.337,0.08384,0.02089,0.02688,0.02056
e197,150000,1.19,9.0,0.01403,66.3176265270506,8.0,0.2746,21,0.02805,0.436,0.13474,0.347,0.09328,0.02287,0.02308,0.01801
e203,150000,1.2289,14.0,0.01416,68.4251036116045,8.0,0.3315,21,0.02673,0.495,0.13622,0.327,0.09452,0.02278,0.01993,0.01799
e207,150000,1.1711,14.0,0.01162,64.83205657041839,8.0,0.3537,21,0.02504,0.386,0.12019,0.297,0.08659,0.02188,0.0228,0.01618
e210,150000,1.4753,11.0,0.01352,67.98003802281369,9.0,0.5233,20,0.04015,0.465,0.13636,0.317,0.09748,0.02395,0.03413,0.02889
e216,150000,1.5837,14.0,0.01397,86.07142857142857,5.0,0.6051,21,0.05169,0.545,0.10419,0.277,0.08178,0.01688,0.03818,0.03695
e220,150000,1.1216,13.0,0.01436,65.94630872483222,7.0,0.3347,21,0.02461,0.376,0.11459,0.337,0.08043,0.0223,0.02214,0.01377
e222,150000,1.2531,11.0,0.01131,68.28197226502311,5.0,0.3101,20,0.02518,0.505,0.10165,0.307,0.07723,0.01788,0.0201,0.01801
e228,150000,0.8976,10.0,0.01082,46.6407465007776,5.0,0.1218,20,0.0028,0.317,0.10062,0.287,0.07658,0.01765,0.00271,0.00165
e230,150000,0.7805,9.0,0.01037,38.14107274063189,5.0,0.0339,15,0.00793,0.743,0.09954,0.297,0.07617,0.01755,-0.00355,0.00505
e387,150000,1.3052,12.0,0.01098,74.57839262187089,7.0,0.4091,21,0.03795,0.406,0.09063,0.307,0.06742,0.01308,0.03298,0.0245
e395,150000,1.4958,9.0,0.01688,78.26666666666667,8.0,0.6393,21,0.05245,0.525,0.12289,0.297,0.09251,0.01866,0.03849,0.03546
e398,150000,1.5781,10.0,0.01701,70.14959202175885,9.0,0.6411,21,0.05298,0.475,0.14159,0.297,0.10419,0.02004,0.0401,0.03564
e399,150000,1.5675,10.0,0.01739,69.27059882935615,9.0,0.6373,21,0.05135,0.505,0.14833,0.297,0.10825,0.02071,0.03782,0.03459
fx60126,150000,1.5486,14.0,0.01379,70.65025252525253,6.0,0.489,21,0.03563,0.564,0.1259,0.277,0.09707,0.01184,0.02586,0.02488
goe225,150000,1.8559,13.0,0.01729,77.71379703534778,4.0,0.9307,20,0.07621,0.495,0.12825,0.208,0.10773,0.02179,0.05807,0.05132
goe226,150000,1.9574,12.0,0.01815,73.24911571500759,5.0,0.9242,21,0.08074,0.495,0.13886,0.198,0.11592,0.0178,0.06381,0.05392
goe227,150000,1.8719,11.0,0.0198,71.91906005221932,7.0,0.9379,20,0.07832,0.505,0.14581,0.248,0.11388,0.01803,0.05921,0.05237
goe228,150000,1.9142,13.0,0.01772,60.77430708315002,5.0,0.8714,21,0.07003,0.495,0.17853,0.297,0.1343,0.02694,0.05819,0.04921
goe535,150000,1.7204,15.0,0.0164,57.41935483870968,7.0,0.6489,21,0.05743,0.495,0.1605,0.267,0.13635,0.02102,0.04887,0.04044
mh42,150000,1.0852,10.0,0.01002,59.84727272727272,6.0,0.2463,21,0.01892,0.376,0.08932,0.287,0.06886,0.01324,0.0175,0.01183
mh43,150000,1.0257,10.0,0.00983,58.46469622331691,5.0,0.2262,20,0.01777,0.386,0.08489,0.287,0.06544,0.01127,0.01613,0.01096
mh44,150000,1.1182,11.0,0.01065,54.02330363262509,6.0,0.2379,19,0.01537,0.366,0.09654,0.277,0.07572,0.01612,0.01456,0.00947
mh45,150000,1.1802,12.0,0.01094,53.96803335649757,6.0,0.1762,21,0.01706,0.327,0.09842,0.267,0.07856,0.01098,0.01632,0.01008
mh60,150000,1.1488,12.0,0.01132,54.57814661134163,6.0,0.1951,21,0.01818,0.366,0.1008,0.277,0.07953,0.01159,0.01733,0.01087
mh61,150000,1.0,10.0,0.01189,56.52077151335312,6.0,0.1777,20,0.01514,0.366,0.10234,0.277,0.07518,0.0125,0.01378,0.00865
mh62,150000,1.0977,11.0,0.01046,54.02777777777778,6.0,0.1876,19,0.01643,0.376,0.09288,0.277,0.07374,0.01076,0.01543,0.00997
mh78,150000,1.0054,9.0,0.01381,33.256293850598425,6.0,0.204,15,0.02681,0.168,0.14448,0.208,0.12546,0.01768,0.02454,0.01159
naca0010,150000,0.93,10.0,0.01037,40.94214876033058,4.0,0.0,18,0.0,0.01,0.09998,0.297,0.07796,0.02413,0.0,0.0
naca0015,150000,1.1823,13.0,0.01327,44.56891495601173,6.0,0.0,21,0.0,0.01,0.14995,0.297,0.11694,0.03618,0.0,0.0
naca1408,150000,0.9096,8.0,0.00948,50.91964285714286,4.0,0.0205,14,0.00998,0.406,0.07999,0.297,0.06241,0.0193,0.0086,0.00666
naca1412,150000,1.1753,12.0,0.0115,51.77810433504776,5.0,0.1758,21,0.00998,0.406,0.11999,0.297,0.09359,0.02895,0.00862,0.00671
naca2408,150000,1.0772,9.0,0.01041,60.34666666666666,4.0,0.1938,19,0.01997,0.406,0.08001,0.297,0.06247,0.01933,0.0172,0.01332
naca2412,150000,1.3023,13.0,0.01156,59.67871485943775,6.0,0.3328,21,0.01997,0.406,0.11994,0.297,0.0937,0.02898,0.01723,0.01345
naca2415,150000,1.3397,15.0,0.01334,56.86891814539211,7.0,0.2263,21,0.01997,0.406,0.14992,0.297,0.11718,0.03618,0.01732,0.01354
naca2418,150000,1.2964,15.0,0.01449,53.61869747899159,7.0,0.2211,20,0.01997,0.406,0.1799,0.297,0.14066,0.04338,0.01733,0.01364
naca4412,150000,1.4615,15.0,0.01225,68.75787063537493,7.0,0.4878,21,0.03994,0.406,0.12014,0.297,0.0944,0.02928,0.0345,0.02683
naca4415,150000,1.3827,15.0,0.01399,62.36633139227104,7.0,0.5268,21,0.04009,0.406,0.14994,0.307,0.11806,0.03649,0.03462,0.0272
naca4418,150000,1.4557,14.0,0.01516,57.66171538092957,7.0,0.4422,20,0.03995,0.406,0.18012,0.297,0.14155,0.04387,0.03452,0.02726
s1020,150000,1.5161,10.0,0.01779,68.16597890875745,9.0,0.5561,21,0.05048,0.525,0.15091,0.337,0.10294,0.02988,0.0392,0.03546
s1046,150000,1.101,13.0,0.01529,47.56937307297019,8.0,-0.0,21,0.0,0.01,0.1699,0.307,0.12732,0.0242,0.0,0.0
s1048,150000,0.9994,13.0,0.01307,49.20196439533456,7.0,0.0,21,0.0,0.01,0.13968,0.277,0.10329,0.02096,0.0,0.0
s1210,150000,1.9853,15.0,0.01578,74.96847414880203,7.0,1.0452,20,0.07202,0.515,0.11998,0.218,0.10014,0.00725,0.05568,0.05172
s1221,150000,1.9241,13.0,0.01505,58.91033623910336,12.0,0.666,20,0.05401,0.525,0.12138,0.218,0.10088,0.00625,0.045,0.04164
s1223,150000,2.2926,12.0,0.01937,64.99209486166008,4.0,1.1858,21,0.0867,0.495,0.12138,0.198,0.10613,0.01116,0.07365,0.06402
s2027,150000,1.3525,12.0,0.01437,59.75421686746988,9.0,0.2689,21,0.02743,0.376,0.14502,0.297,0.10371,0.01944,0.02569,0.01872
sd2030,150000,1.1604,10.0,0.01125,66.08943089430893,5.0,0.1569,19,0.02248,0.455,0.08559,0.356,0.06449,0.02065,0.01946,0.01602
sd6060,150000,1.1229,11.0,0.01219,62.6044776119403,6.0,0.3408,19,0.01846,0.386,0.10362,0.337,0.07388,0.01807,0.0171,0.0118
sd6080,150000,1.3354,13.0,0.01165,72.87927695287281,7.0,0.4156,21,0.03742,0.406,0.09186,0.307,0.07082,0.01327,0.03282,0.02469
sd7003,150000,1.2,11.0,0.00925,51.77745664739884,5.0,0.1973,21,0.01457,0.337,0.08503,0.248,0.07189,0.01151,0.01391,0.01026
sd7037,150000,1.3208,13.0,0.01088,66.70149253731343,5.0,0.3699,21,0.03017,0.406,0.09199,0.287,0.07346,0.01537,0.0271,0.0212
sd7062,150000,1.6006,15.0,0.01324,60.94154164511122,7.0,0.4148,21,0.03968,0.386,0.13977,0.267,0.11223,0.01856,0.0371,0.02748
sd7080,150000,1.2539,12.0,0.01051,62.156716417910445,5.0,0.308,21,0.02483,0.396,0.09152,0.297,0.07286,0.01582,0.02268,0.01766
clarky,300000,1.4044,13.0,0.00814,84.71486761710794,4.0,0.4298,21,0.03432,0.416,0.11705,0.277,0.09232,0.02777,0.03015,0.02285
e168,300000,1.08,13.0,0.00903,62.37381703470032,7.0,0.0,20,0.0,0.01,0.12442,0.267,0.09764,0.01775,0.0,0.0
e186,300000,0.9942,11.0,0.0092,69.91279069767442,6.0,0.1041,18,0.01312,0.267,0.10263,0.307,0.0743,0.01694,0.01285,0.00702
e193,300000,1.2852,13.0,0.00821,95.33953488372092,6.0,0.4143,19,0.03572,0.406,0.10217,0.317,0.07474,0.01889,0.03057,0.02302
e195,300000,1.2462,15.0,0.00879,93.78983634797588,7.0,0.3517,21,0.03189,0.436,0.11807,0.337,0.08384,0.02089,0.02688,0.02056
e197,300000,1.1949,15.0,0.00967,91.44939965694682,7.0,0.288,21,0.02805,0.436,0.13474,0.347,0.09328,0.02287,0.02308,0.01801
e203,300000,1.235,15.0,0.00976,91.86971235194584,7.0,0.3477,20,0.02673,0.495,0.13622,0.327,0.09452,0.02278,0.01993,0.01799
e207,300000,1.1836,10.0,0.00862,86.30912162162163,7.0,0.2544,20,0.02504,0.386,0.12019,0.297,0.08659,0.02188,0.0228,0.01618
e210,300000,1.4707,11.0,0.00937,93.64201796821008,8.0,0.545,20,0.04015,0.465,0.13636,0.317,0.09748,0.02395,0.03413,0.02889
e214,300000,1.4247,12.0,0.00864,102.59086672879776,5.0,0.5885,18,0.04028,0.525,0.11098,0.327,0.08048,0.01998,0.03281,0.02917
e220,300000,1.1284,14.0,0.00911,88.91838741396263,6.0,0.3016,21,0.02461,0.376,0.11459,0.337,0.08043,0.0223,0.02214,0.01377
e222,300000,1.2838,12.0,0.00822,87.6353591160221,4.0,0.1243,17,0.02518,0.505,0.10165,0.307,0.07723,0.01788,0.0201,0.01801
e228,300000,0.9516,10.0,0.0082,58.16602316602317,5.0,0.3034,14,0.0028,0.317,0.10062,0.287,0.07658,0.01765,0.00271,0.00165
e230,300000,0.8368,9.0,0.00816,45.52356020942409,5.0,0.0303,15,0.00793,0.743,0.09954,0.297,0.07617,0.01755,-0.00355,0.00505
e387,300000,1.3331,12.0,0.00803,98.22975517890772,6.0,0.3992,17,0.03795,0.406,0.09063,0.307,0.06742,0.01308,0.03298,0.0245
e392,300000,1.3786,13.0,0.0082,100.64958828911254,6.0,0.4468,21,0.03836,0.406,0.10148,0.317,0.07362,0.01424,0.03261,0.02576
e395,300000,1.4892,12.0,0.01014,111.4668901927913,6.0,0.7113,21,0.05245,0.525,0.12289,0.297,0.09251,0.01866,0.03849,0.03546
e398,300000,1.5711,10.0,0.01117,104.03047091412742,8.0,0.6867,21,0.05298,0.475,0.14159,0.297,0.10419,0.02004,0.0401,0.03564
e399,300000,1.5639,10.0,0.01132,102.8305785123967,8.0,0.6823,21,0.05135,0.505,0.14833,0.297,0.10825,0.02071,0.03782,0.03459
fx60126,300000,1.5366,15.0,0.00962,90.94931617055512,6.0,0.506,20,0.03563,0.564,0.1259,0.277,0.09707,0.01184,0.02586,0.02488
fx63137,300000,1.7257,15.0,0.01058,103.34061135371178,5.0,0.9058,20,0.05968,0.535,0.13711,0.307,0.10347,0.01217,0.0474,0.04337
fx76mp140,300000,1.6943,14.0,0.01328,105.17216117216115,6.0,0.8227,21,0.0712,0.465,0.14104,0.337,0.10638,0.02074,0.05907,0.0487
goe225,300000,1.865,13.0,0.01148,99.0255376344086,5.0,0.9626,21,0.07621,0.495,0.12825,0.208,0.10773,0.02179,0.05807,0.05132
goe226,300000,1.9234,13.0,0.01212,95.99867724867724,5.0,0.9505,21,0.08074,0.495,0.13886,0.198,0.11592,0.0178,0.06381,0.05392
goe227,300000,1.8441,12.0,0.01261,108.45213849287168,6.0,0.974,21,0.07832,0.505,0.14581,0.248,0.11388,0.01803,0.05921,0.05237
goe228,300000,1.9201,14.0,0.01189,81.03372028745164,6.0,0.8859,20,0.07003,0.495,0.17853,0.297,0.1343,0.02694,0.05819,0.04921
goe535,300000,1.7314,15.0,0.01231,80.7662192393736,8.0,0.6496,21,0.05743,0.495,0.1605,0.267,0.13635,0.02102,0.04887,0.04044
mh42,300000,1.0967,11.0,0.00811,76.3157894736842,5.0,-0.1455,14,0.01892,0.376,0.08932,0.287,0.06886,0.01324,0.0175,0.01183
mh44,300000,1.1427,12.0,0.00807,69.0782953419227,5.0,-0.1183,17,0.01537,0.366,0.09654,0.277,0.07572,0.01612,0.01456,0.00947
mh45,300000,1.2082,13.0,0.00826,69.73045822102426,6.0,-0.1359,17,0.01706,0.327,0.09842,0.267,0.07856,0.01098,0.01632,0.01008
mh60,300000,1.1895,12.0,0.00824,70.79892280071813,6.0,-0.2276,16,0.01818,0.366,0.1008,0.277,0.07953,0.01159,0.01733,0.01087
mh61,300000,1.0123,10.0,0.00802,72.90105667627282,6.0,0.1183,17,0.01514,0.366,0.10234,0.277,0.07518,0.0125,0.01378,0.00865
mh62,300000,1.1264,12.0,0.00801,69.39339875111509,6.0,-0.1205,17,0.01643,0.376,0.09288,0.277,0.07374,0.01076,0.01543,0.00997
mh78,300000,1.4285,15.0,0.01022,55.60220994475137,8.0,0.0288,21,0.02681,0.168,0.14448,0.208,0.12546,0.01768,0.02454,0.01159
naca0010,300000,1.0539,11.0,0.00804,49.0108803165183,4.0,-0.304,18,0.0,0.01,0.09998,0.297,0.07796,0.02413,0.0,0.0
naca0015,300000,1.2254,15.0,0.00869,56.71552298467687,7.0,0.0,21,0.0,0.01,0.14995,0.297,0.11694,0.03618,0.0,0.0
naca1408,300000,1.0032,10.0,0.00805,59.71398305084745,4.0,-0.1781,14,0.00998,0.406,0.07999,0.297,0.06241,0.0193,0.0086,0.00666
naca1412,300000,1.2621,14.0,0.00815,64.92180312787488,5.0,0.2422,19,0.00998,0.406,0.11999,0.297,0.09359,0.02895,0.00862,0.00671
naca2410,300000,1.2815,13.0,0.00839,75.8743961352657,5.0,0.0193,17,0.01997,0.406,0.10002,0.297,0.07808,0.02416,0.01722,0.01336
naca2412,300000,1.3405,15.0,0.00818,75.42688081149619,6.0,0.4048,19,0.01997,0.406,0.11994,0.297,0.0937,0.02898,0.01723,0.01345
naca2415,300000,1.33,15.0,0.00882,73.69565217391305,6.0,0.2336,21,0.01997,0.406,0.14992,0.297,0.11718,0.03618,0.01732,0.01354
naca2418,300000,1.3143,15.0,0.01012,70.60761346998535,6.0,0.2354,19,0.01997,0.406,0.1799,0.297,0.14066,0.04338,0.01733,0.01364
naca4412,300000,1.4436,15.0,0.00812,90.71954210956665,6.0,0.497,21,0.03994,0.406,0.12014,0.297,0.0944,0.02928,0.0345,0.02683
naca4415,300000,1.4095,15.0,0.00931,82.4980959634425,6.0,0.4123,20,0.04009,0.406,0.14994,0.307,0.11806,0.03649,0.03462,0.0272
naca4418,300000,1.481,14.0,0.0107,78.69594145043247,7.0,0.4682,21,0.03995,0.406,0.18012,0.297,0.14155,0.04387,0.03452,0.02726
s1020,300000,1.4827,11.0,0.0107,99.5144870790916,6.0,0.6809,20,0.05048,0.525,0.15091,0.337,0.10294,0.02988,0.0392,0.03546
s1046,300000,1.1394,13.0,0.01048,64.16342412451361,9.0,-0.0,21,0.0,0.01,0.1699,0.307,0.12732,0.0242,0.0,0.0
s1048,300000,1.0193,14.0,0.00935,64.88390712570056,7.0,0.0,21,0.0,0.01,0.13968,0.277,0.10329,0.02096,0.0,0.0
s1210,300000,1.9761,13.0,0.01141,101.72434367541766,6.0,1.0595,21,0.07202,0.515,0.11998,0.218,0.10014,0.00725,0.05568,0.05172
s1221,300000,1.9765,13.0,0.01143,85.85489833641405,11.0,0.6832,21,0.05401,0.525,0.12138,0.218,0.10088,0.00625,0.045,0.04164
s2027,300000,1.3573,12.0,0.0097,82.43571428571428,8.0,0.2941,21,0.02743,0.376,0.14502,0.297,0.10371,0.01944,0.02569,0.01872
sd2030,300000,1.2148,12.0,0.00841,87.38406658739595,4.0,0.3631,17,0.02248,0.455,0.08559,0.356,0.06449,0.02065,0.01946,0.01602
sd6060,300000,1.1318,12.0,0.00806,81.22844827586208,5.0,0.1683,20,0.01846,0.386,0.10362,0.337,0.07388,0.01807,0.0171,0.0118
sd6080,300000,1.3564,14.0,0.00804,97.32710280373831,6.0,0.5114,18,0.03742,0.406,0.09186,0.307,0.07082,0.01327,0.03282,0.02469
sd7003,300000,1.2681,12.0,0.00851,66.8502024291498,6.0,-0.2263,16,0.01457,0.337,0.08503,0.248,0.07189,0.01151,0.01391,0.01026
sd7062,300000,1.5861,15.0,0.00949,82.2878787878788,6.0,0.4447,19,0.03968,0.386,0.13977,0.267,0.11223,0.01856,0.0371,0.02748
sd7080,300000,1.2812,13.0,0.00829,79.0530303030303,5.0,0.0938,17,0.02483,0.396,0.09152,0.297,0.07286,0.01582,0.02268,0.01766
sd7084,300000,1.19,13.0,0.00879,75.09896324222431,5.0,0.0405,15,0.02309,0.386,0.09624,0.297,0.07498,0.01895,0.02171,0.01598
clarky,400000,1.4205,13.0,0.00817,92.72017837235228,4.0,0.2829,17,0.03432,0.416,0.11705,0.277,0.09232,0.02777,0.03015,0.02285
e168,400000,1.1054,13.0,0.00826,68.30042918454934,7.0,0.0,21,0.0,0.01,0.12442,0.267,0.09764,0.01775,0.0,0.0
e186,400000,1.0063,11.0,0.00853,74.56611570247934,6.0,0.0469,16,0.01312,0.267,0.10263,0.307,0.0743,0.01694,0.01285,0.00702
e193,400000,1.2918,14.0,0.00833,105.94622543950362,6.0,0.1566,17,0.03572,0.406,0.10217,0.317,0.07474,0.01889,0.03057,0.02302
e195,400000,1.2541,15.0,0.0082,103.34710743801654,6.0,0.1143,18,0.03189,0.436,0.11807,0.337,0.08384,0.02089,0.02688,0.02056
e197,400000,1.2088,15.0,0.00845,102.33940556088206,7.0,0.2911,20,0.02805,0.436,0.13474,0.347,0.09328,0.02287,0.02308,0.01801
e203,400000,1.2457,15.0,0.00878,100.45362903225806,6.0,0.3492,21,0.02673,0.495,0.13622,0.327,0.09452,0.02278,0.01993,0.01799
e207,400000,1.2107,13.0,0.00803,95.63958916900091,7.0,0.3959,19,0.02504,0.386,0.12019,0.297,0.08659,0.02188,0.0228,0.01618
e210,400000,1.4881,13.0,0.00853,104.45267489711934,7.0,0.5469,21,0.04015,0.465,0.13636,0.317,0.09748,0.02395,0.03413,0.02889
e214,400000,1.4576,12.0,0.00806,113.2135523613963,5.0,0.8029,17,0.04028,0.525,0.11098,0.327,0.08048,0.01998,0.03281,0.02917
e220,400000,1.1474,14.0,0.00837,98.87677208287896,6.0,0.2422,21,0.02461,0.376,0.11459,0.337,0.08043,0.0223,0.02214,0.01377
e222,400000,1.2989,12.0,0.00829,95.8021712907117,4.0,0.0195,15,0.02518,0.505,0.10165,0.307,0.07723,0.01788,0.0201,0.01801
e228,400000,0.9704,10.0,0.00844,62.66045548654244,5.0,-0.4463,13,0.0028,0.317,0.10062,0.287,0.07658,0.01765,0.00271,0.00165
e392,400000,1.3844,13.0,0.00802,111.95939086294418,6.0,0.2318,18,0.03836,0.406,0.10148,0.317,0.07362,0.01424,0.03261,0.02576
e395,400000,1.5205,13.0,0.00898,125.34774436090228,6.0,0.7167,20,0.05245,0.525,0.12289,0.297,0.09251,0.01866,0.03849,0.03546
e398,400000,1.5641,10.0,0.00987,118.13953488372094,7.0,0.6912,20,0.05298,0.475,0.14159,0.297,0.10419,0.02004,0.0401,0.03564
e399,400000,1.556,10.0,0.00996,116.6199505358615,7.0,0.6853,21,0.05135,0.505,0.14833,0.297,0.10825,0.02071,0.03782,0.03459
fx60126,400000,1.5845,15.0,0.00836,98.13471502590674,6.0,0.5074,21,0.03563,0.564,0.1259,0.277,0.09707,0.01184,0.02586,0.02488
fx63137,400000,1.766,15.0,0.00928,112.81964436917868,4.0,0.9123,21,0.05968,0.535,0.13711,0.307,0.10347,0.01217,0.0474,0.04337
fx76mp140,400000,1.7143,15.0,0.01065,123.09973045822105,5.0,0.8625,21,0.0712,0.465,0.14104,0.337,0.10638,0.02074,0.05907,0.0487
goe225,400000,1.8827,13.0,0.01002,107.90521978021978,6.0,0.968,21,0.07621,0.495,0.12825,0.208,0.10773,0.02179,0.05807,0.05132
goe226,400000,1.9272,13.0,0.01082,103.44950213371266,5.0,0.9538,21,0.08074,0.495,0.13886,0.198,0.11592,0.0178,0.06381,0.05392
goe227,400000,1.854,11.0,0.01166,118.70615744349182,5.0,0.9778,18,0.07832,0.505,0.14581,0.248,0.11388,0.01803,0.05921,0.05237
goe228,400000,1.9194,14.0,0.01063,86.49309912170641,5.0,0.8892,21,0.07003,0.495,0.17853,0.297,0.1343,0.02694,0.05819,0.04921
goe535,400000,1.7451,15.0,0.01125,86.04771115409413,7.0,0.6492,19,0.05743,0.495,0.1605,0.267,0.13635,0.02102,0.04887,0.04044
mh42,400000,1.1234,11.0,0.00872,83.09633027522936,5.0,-0.156,13,0.01892,0.376,0.08932,0.287,0.06886,0.01324,0.0175,0.01183
mh43,400000,1.01,10.0,0.00865,81.75722543352602,5.0,-0.1714,13,0.01777,0.386,0.08489,0.287,0.06544,0.01127,0.01613,0.01096
mh44,400000,1.1883,12.0,0.00827,75.53513513513514,5.0,-0.2181,14,0.01537,0.366,0.09654,0.277,0.07572,0.01612,0.01456,0.00947
mh45,400000,1.252,13.0,0.0081,76.21197252208047,6.0,-0.1399,16,0.01706,0.327,0.09842,0.267,0.07856,0.01098,0.01632,0.01008
mh60,400000,1.2246,12.0,0.00811,77.71653543307086,6.0,-0.1311,16,0.01818,0.366,0.1008,0.277,0.07953,0.01159,0.01733,0.01087
mh61,400000,1.0264,11.0,0.00834,78.86694386694387,6.0,-0.2877,10,0.01514,0.366,0.10234,0.277,0.07518,0.0125,0.01378,0.00865
mh62,400000,1.1521,12.0,0.00898,75.49951503394762,6.0,-0.2303,13,0.01643,0.376,0.09288,0.277,0.07374,0.01076,0.01543,0.00997
mh78,400000,1.4519,15.0,0.00883,65.22129570237331,8.0,-0.0067,21,0.02681,0.168,0.14448,0.208,0.12546,0.01768,0.02454,0.01159
naca0010,400000,1.1245,12.0,0.00836,52.28991596638655,4.0,-0.4032,16,0.0,0.01,0.09998,0.297,0.07796,0.02413,0.0,0.0
naca0015,400000,1.2398,15.0,0.00831,62.36311239193084,7.0,-0.2093,18,0.0,0.01,0.14995,0.297,0.11694,0.03618,0.0,0.0
naca1408,400000,1.0503,10.0,0.0091,61.73626373626373,4.0,-0.2818,13,0.00998,0.406,0.07999,0.297,0.06241,0.0193,0.0086,0.00666
naca1412,400000,1.2974,15.0,0.00843,69.80295566502464,5.0,-0.2023,16,0.00998,0.406,0.11999,0.297,0.09359,0.02895,0.00862,0.00671
naca2408,400000,1.1755,10.0,0.00807,75.95238095238096,4.0,0.0188,11,0.01997,0.406,0.08001,0.297,0.06247,0.01933,0.0172,0.01332
naca2410,400000,1.3225,14.0,0.00849,81.33540372670807,5.0,-0.0864,15,0.01997,0.406,0.10002,0.297,0.07808,0.02416,0.01722,0.01336
naca2412,400000,1.3677,15.0,0.00822,82.09016393442623,5.0,-0.0748,16,0.01997,0.406,0.11994,0.297,0.0937,0.02898,0.01723,0.01345
naca2415,400000,1.3476,15.0,0.00807,80.9419014084507,6.0,0.1334,20,0.01997,0.406,0.14992,0.297,0.11718,0.03618,0.01732,0.01354
naca2418,400000,1.3501,15.0,0.00914,77.6395534290271,6.0,0.2371,20,0.01997,0.406,0.1799,0.297,0.14066,0.04338,0.01733,0.01364
naca4412,400000,1.4766,15.0,0.0082,99.9820143884892,6.0,0.373,18,0.03994,0.406,0.12014,0.297,0.0944,0.02928,0.0345,0.02683
naca4415,400000,1.441,15.0,0.0086,90.13456686291002,6.0,0.4105,20,0.04009,0.406,0.14994,0.307,0.11806,0.03649,0.03462,0.0272
naca4418,400000,1.5077,15.0,0.0097,86.58302583025831,7.0,0.4711,21,0.03995,0.406,0.18012,0.297,0.14155,0.04387,0.03452,0.02726
s1020,400000,1.4746,11.0,0.00927,111.12091791703442,6.0,0.6874,21,0.05048,0.525,0.15091,0.337,0.10294,0.02988,0.0392,0.03546
s1046,400000,1.1651,13.0,0.00933,71.44182726623839,9.0,-0.0,21,0.0,0.01,0.1699,0.307,0.12732,0.0242,0.0,0.0
s1048,400000,1.0419,13.0,0.00837,71.00781928757603,7.0,0.0,21,0.0,0.01,0.13968,0.277,0.10329,0.02096,0.0,0.0
s1210,400000,2.0259,13.0,0.01072,112.54437869822486,6.0,1.064,21,0.07202,0.515,0.11998,0.218,0.10014,0.00725,0.05568,0.05172
s1221,400000,1.9995,13.0,0.01055,97.81748213304012,10.0,0.6911,21,0.05401,0.525,0.12138,0.218,0.10088,0.00625,0.045,0.04164
s1223,400000,2.3356,14.0,0.01458,92.01907790143083,5.0,1.1793,21,0.0867,0.495,0.12138,0.198,0.10613,0.01116,0.07365,0.06402
s2027,400000,1.3632,12.0,0.00855,92.11438474870018,7.0,0.2976,21,0.02743,0.376,0.14502,0.297,0.10371,0.01944,0.02569,0.01872
sd2030,400000,1.2503,12.0,0.00806,90.3970223325062,4.0,0.075,16,0.02248,0.455,0.08559,0.356,0.06449,0.02065,0.01946,0.01602
sd6060,400000,1.152,12.0,0.00851,88.60164512338426,5.0,-0.1403,13,0.01846,0.386,0.10362,0.337,0.07388,0.01807,0.0171,0.0118
sd6080,400000,1.3667,14.0,0.00818,107.1331058020478,5.0,0.1759,16,0.03742,0.406,0.09186,0.307,0.07082,0.01327,0.03282,0.02469
sd7062,400000,1.6076,15.0,0.00861,91.6023489932886,6.0,0.4497,21,0.03968,0.386,0.13977,0.267,0.11223,0.01856,0.0371,0.02748
sd7080,400000,1.3121,12.0,0.00816,85.96509240246407,5.0,0.1056,15,0.02483,0.396,0.09152,0.297,0.07286,0.01582,0.02268,0.01766
sd7084,400000,1.216,12.0,0.00866,82.04312114989733,5.0,-0.0434,14,0.02309,0.386,0.09624,0.297,0.07498,0.01895,0.02171,0.01598
ag03,200000,1.1461,10.0,0.0082,60.45627376425856,4.0,-0.0665,17,0.02024,0.327,0.06236,0.248,0.05377,0.0127,0.01973,0.01335
clarky,200000,1.3907,13.0,0.01016,72.8830963665087,5.0,0.4424,21,0.03432,0.416,0.11705,0.277,0.09232,0.02777,0.03015,0.02285
e168,200000,1.0576,12.0,0.01045,53.48329925017041,7.0,0.0,21,0.0,0.01,0.12442,0.267,0.09764,0.01775,0.0,0.0
e174,200000,1.3206,12.0,0.00934,82.52557041699448,6.0,0.4082,19,0.03835,0.406,0.08914,0.307,0.06649,0.01248,0.03324,0.02482
e186,200000,0.9804,10.0,0.01139,59.2528735632184,6.0,0.1164,17,0.01312,0.267,0.10263,0.307,0.0743,0.01694,0.01285,0.00702
e193,200000,1.2783,13.0,0.00956,82.21729490022173,7.0,0.4168,21,0.03572,0.406,0.10217,0.317,0.07474,0.01889,0.03057,0.02302
e195,200000,1.2299,14.0,0.01052,78.85032537960954,7.0,0.412,21,0.03189,0.436,0.11807,0.337,0.08384,0.02089,0.02688,0.02056
e197,200000,1.1896,15.0,0.01185,77.55420054200542,8.0,0.2785,21,0.02805,0.436,0.13474,0.347,0.09328,0.02287,0.02308,0.01801
e203,200000,1.2231,15.0,0.01197,77.19572953736655,7.0,0.3428,21,0.02673,0.495,0.13622,0.327,0.09452,0.02278,0.01993,0.01799
e207,200000,1.1722,14.0,0.01008,73.55140186915887,8.0,0.2977,21,0.02504,0.386,0.12019,0.297,0.08659,0.02188,0.0228,0.01618
e210,200000,1.4735,11.0,0.01131,78.32660126947489,8.0,0.5386,21,0.04015,0.465,0.13636,0.317,0.09748,0.02395,0.03413,0.02889
e214,200000,1.3913,14.0,0.0105,87.44305657604701,6.0,0.5463,21,0.04028,0.525,0.11098,0.327,0.08048,0.01998,0.03281,0.02917
e216,200000,1.5817,14.0,0.01133,99.175,4.0,0.6721,21,0.05169,0.545,0.10419,0.277,0.08178,0.01688,0.03818,0.03695
e220,200000,1.1221,14.0,0.01187,75.80645161290322,7.0,0.3202,21,0.02461,0.376,0.11459,0.337,0.08043,0.0223,0.02214,0.01377
e222,200000,1.2661,12.0,0.00927,76.55737704918033,5.0,0.3138,21,0.02518,0.505,0.10165,0.307,0.07723,0.01788,0.0201,0.01801
e228,200000,0.9282,10.0,0.00938,51.56357388316151,5.0,0.054,20,0.0028,0.317,0.10062,0.287,0.07658,0.01765,0.00271,0.00165
e230,200000,0.8009,9.0,0.00896,41.509584664536746,5.0,-0.0484,15,0.00793,0.743,0.09954,0.297,0.07617,0.01755,-0.00355,0.00505
e387,200000,1.3174,12.0,0.00934,82.47813411078717,7.0,0.4037,18,0.03795,0.406,0.09063,0.307,0.06742,0.01308,0.03298,0.0245
e392,200000,1.3642,13.0,0.00987,86.22463768115942,7.0,0.4489,21,0.03836,0.406,0.10148,0.317,0.07362,0.01424,0.03261,0.02576
e395,200000,1.4887,9.0,0.01333,92.10078534031412,7.0,0.69,21,0.05245,0.525,0.12289,0.297,0.09251,0.01866,0.03849,0.03546
e398,200000,1.5806,10.0,0.01394,84.225580140313,9.0,0.6726,20,0.05298,0.475,0.14159,0.297,0.10419,0.02004,0.0401,0.03564
e399,200000,1.5726,10.0,0.01412,82.85714285714286,9.0,0.6656,21,0.05135,0.505,0.14833,0.297,0.10825,0.02071,0.03782,0.03459
fx60126,200000,1.5381,15.0,0.01191,79.50460014154281,6.0,0.4999,21,0.03563,0.564,0.1259,0.277,0.09707,0.01184,0.02586,0.02488
fx63137,200000,1.6902,15.0,0.01307,90.55248618784532,6.0,0.8835,21,0.05968,0.535,0.13711,0.307,0.10347,0.01217,0.0474,0.04337
fx76mp140,200000,1.688,13.0,0.01917,78.11704834605597,8.0,0.6973,17,0.0712,0.465,0.14104,0.337,0.10638,0.02074,0.05907,0.0487
goe225,200000,1.8528,13.0,0.01422,86.15429573348918,5.0,0.9486,21,0.07621,0.495,0.12825,0.208,0.10773,0.02179,0.05807,0.05132
goe226,200000,1.9266,13.0,0.01501,85.38218572331016,4.0,0.9421,21,0.08074,0.495,0.13886,0.198,0.11592,0.0178,0.06381,0.05392
goe227,200000,1.8552,12.0,0.01564,87.25366876310272,7.0,0.9612,21,0.07832,0.505,0.14581,0.248,0.11388,0.01803,0.05921,0.05237
goe228,200000,1.931,13.0,0.01482,70.56603773584905,5.0,0.8808,21,0.07003,0.495,0.17853,0.297,0.1343,0.02694,0.05819,0.04921
goe535,200000,1.7301,15.0,0.01406,67.61693746922697,7.0,0.6519,20,0.05743,0.495,0.1605,0.267,0.13635,0.02102,0.04887,0.04044
mh32,200000,1.1571,10.0,0.00898,72.07413945278023,5.0,0.331,17,0.02398,0.436,0.08692,0.297,0.06698,0.01532,0.0213,0.01663
mh42,200000,1.088,10.0,0.00866,66.20772946859903,6.0,0.231,20,0.01892,0.376,0.08932,0.287,0.06886,0.01324,0.0175,0.01183
mh43,200000,1.0511,10.0,0.00854,66.25,5.0,0.2078,21,0.01777,0.386,0.08489,0.287,0.06544,0.01127,0.01613,0.01096
mh44,200000,1.1239,12.0,0.00901,60.366972477064216,6.0,0.2182,21,0.01537,0.366,0.09654,0.277,0.07572,0.01612,0.01456,0.00947
mh45,200000,1.1853,13.0,0.00934,60.625,6.0,0.1599,21,0.01706,0.327,0.09842,0.267,0.07856,0.01098,0.01632,0.01008
mh60,200000,1.1547,12.0,0.00952,61.40965732087227,6.0,0.1771,19,0.01818,0.366,0.1008,0.277,0.07953,0.01159,0.01733,0.01087
mh61,200000,1.0088,10.0,0.0101,63.820319059613766,6.0,0.155,20,0.01514,0.366,0.10234,0.277,0.07518,0.0125,0.01378,0.00865
mh62,200000,1.1061,11.0,0.00902,60.411810411810414,6.0,0.167,17,0.01643,0.376,0.09288,0.277,0.07374,0.01076,0.01543,0.00997
mh78,200000,1.2377,12.0,0.01208,42.35646958011997,8.0,0.1161,18,0.02681,0.168,0.14448,0.208,0.12546,0.01768,0.02454,0.01159
naca0010,200000,0.9615,10.0,0.00915,44.34080717488789,4.0,-0.0,19,0.0,0.01,0.09998,0.297,0.07796,0.02413,0.0,0.0
naca0015,200000,1.2061,15.0,0.01073,49.61190168175938,6.0,0.0,21,0.0,0.01,0.14995,0.297,0.11694,0.03618,0.0,0.0
naca1408,200000,0.9464,9.0,0.00829,55.04854368932038,4.0,0.0856,20,0.00998,0.406,0.07999,0.297,0.06241,0.0193,0.0086,0.00666
naca1412,200000,1.2236,13.0,0.01012,57.46122448979592,5.0,0.1299,21,0.00998,0.406,0.11999,0.297,0.09359,0.02895,0.00862,0.00671
naca2408,200000,1.0858,9.0,0.0086,66.55511811023622,4.0,0.245,15,0.01997,0.406,0.08001,0.297,0.06247,0.01933,0.0172,0.01332
naca2410,200000,1.236,11.0,0.00902,67.12211784799317,5.0,0.2938,19,0.01997,0.406,0.10002,0.297,0.07808,0.02416,0.01722,0.01336
naca2412,200000,1.3197,14.0,0.0098,66.6068759342302,6.0,0.286,21,0.01997,0.406,0.11994,0.297,0.0937,0.02898,0.01723,0.01345
naca2415,200000,1.3308,15.0,0.01087,63.97675919948354,7.0,0.2274,21,0.01997,0.406,0.14992,0.297,0.11718,0.03618,0.01732,0.01354
naca2418,200000,1.2905,15.0,0.01214,60.692951015531655,7.0,0.2306,21,0.01997,0.406,0.1799,0.297,0.14066,0.04338,0.01733,0.01364
naca4412,200000,1.4341,15.0,0.01005,78.13151041666666,7.0,0.4937,21,0.03994,0.406,0.12014,0.297,0.0944,0.02928,0.0345,0.02683
naca4415,200000,1.3817,15.0,0.01142,71.02713178294573,6.0,0.4951,21,0.04009,0.406,0.14994,0.307,0.11806,0.03649,0.03462,0.0272
naca4418,200000,1.4598,14.0,0.01275,66.82451253481894,7.0,0.4588,20,0.03995,0.406,0.18012,0.297,0.14155,0.04387,0.03452,0.02726
s1020,200000,1.5011,11.0,0.01391,81.89960068454079,8.0,0.6413,21,0.05048,0.525,0.15091,0.337,0.10294,0.02988,0.0392,0.03546
s1046,200000,1.1102,13.0,0.01286,54.9941037735849,8.0,-0.0,21,0.0,0.01,0.1699,0.307,0.12732,0.0242,0.0,0.0
s1048,200000,1.0077,13.0,0.01123,55.929018789144045,7.0,0.0,21,0.0,0.01,0.13968,0.277,0.10329,0.02096,0.0,0.0
s1210,200000,1.9597,15.0,0.01311,86.28237684103607,6.0,1.0529,21,0.07202,0.515,0.11998,0.218,0.10014,0.00725,0.05568,0.05172
s1221,200000,1.9461,13.0,0.01314,70.0419527078566,11.0,0.6732,21,0.05401,0.525,0.12138,0.218,0.10088,0.00625,0.045,0.04164
s1223,200000,2.2916,13.0,0.01778,73.59284116331096,4.0,1.1864,21,0.0867,0.495,0.12138,0.198,0.10613,0.01116,0.07365,0.06402
s2027,200000,1.3514,12.0,0.01201,69.31449188214071,8.0,0.2842,21,0.02743,0.376,0.14502,0.297,0.10371,0.01944,0.02569,0.01872
s2048,200000,1.1061,9.0,0.00913,75.70378151260503,4.0,0.2356,15,0.01937,0.594,0.08625,0.347,0.064,0.01682,0.01597,0.01433
sd2030,200000,1.1605,10.0,0.00955,76.87174139728884,4.0,0.2505,15,0.02248,0.455,0.08559,0.356,0.06449,0.02065,0.01946,0.01602
sd6060,200000,1.1281,11.0,0.01015,69.54318936877077,6.0,0.267,18,0.01846,0.386,0.10362,0.337,0.07388,0.01807,0.0171,0.0118
sd6080,200000,1.3446,13.0,0.00948,83.2666132906325,6.0,0.409,20,0.03742,0.406,0.09186,0.307,0.07082,0.01327,0.03282,0.02469
sd7003,200000,1.2235,11.0,0.00809,57.99838579499597,5.0,0.0245,20,0.01457,0.337,0.08503,0.248,0.07189,0.01151,0.01391,0.01026
sd7037,200000,1.3301,13.0,0.009,74.56213511259382,5.0,0.3841,21,0.03017,0.406,0.09199,0.287,0.07346,0.01537,0.0271,0.0212
sd7062,200000,1.5895,15.0,0.01127,69.87544483985765,7.0,0.4316,21,0.03968,0.386,0.13977,0.267,0.11223,0.01856,0.0371,0.02748
sd7080,200000,1.2608,12.0,0.00882,69.22693266832917,5.0,0.3404,21,0.02483,0.396,0.09152,0.297,0.07286,0.01582,0.02268,0.01766
sd7084,200000,1.1808,12.0,0.00893,65.56013179571664,5.0,0.3434,18,0.02309,0.386,0.09624,0.297,0.07498,0.01895,0.02171,0.01598
